"category","name","path","last_write","markers","top_items","top_files"
"90_备份临时与样例","__pycache__","E:\临时项目\__pycache__","2026-05-04 07:05:07","","3","3"
"10_工具与运行环境","_openclaw_transfer_test","E:\临时项目\_openclaw_transfer_test","2026-05-02 23:36:40","","2","2"
"60_图像与视觉产物","_package_watermark_test_input","E:\临时项目\_package_watermark_test_input","2026-05-08 11:57:59","","1","1"
"60_图像与视觉产物","_package_watermark_test_output","E:\临时项目\_package_watermark_test_output","2026-05-08 11:57:59","","1","1"
"60_图像与视觉产物","_package_watermark_test_output_bat","E:\临时项目\_package_watermark_test_output_bat","2026-05-08 11:58:33","","1","1"
"00_系统与索引","_system","E:\临时项目\_system","2026-05-25 01:33:17","","4","0"
"10_工具与运行环境","_tmp_tong_jincheng_skill","E:\临时项目\_tmp_tong_jincheng_skill","2026-04-30 11:18:22",".git;README.md;SKILL.md","5","3"
"10_工具与运行环境","_voxflow_install","E:\临时项目\_voxflow_install","2026-05-18 17:00:22","","2","1"
"60_图像与视觉产物","_watermark_downloads_sample_20260507_111536","E:\临时项目\_watermark_downloads_sample_20260507_111536","2026-05-07 11:15:36","","4","4"
"60_图像与视觉产物","_watermark_downloads_sample_20260507_111655","E:\临时项目\_watermark_downloads_sample_20260507_111655","2026-05-07 11:16:56","","4","4"
"60_图像与视觉产物","_watermark_midsides_sample_20260508_114311","E:\临时项目\_watermark_midsides_sample_20260508_114311","2026-05-08 11:43:11","","4","4"
"60_图像与视觉产物","_watermark_small4_noto_opacity80_20260508_115054","E:\临时项目\_watermark_small4_noto_opacity80_20260508_115054","2026-05-08 11:50:54","","4","4"
"60_图像与视觉产物","_watermark_small4_noto_sample_20260508_114802","E:\临时项目\_watermark_small4_noto_sample_20260508_114802","2026-05-08 11:48:02","","4","4"
"60_图像与视觉产物","_watermark_small4_noto_sample_20260508_114909","E:\临时项目\_watermark_small4_noto_sample_20260508_114909","2026-05-08 11:49:09","","4","4"
"60_图像与视觉产物","_watermark_test_input","E:\临时项目\_watermark_test_input","2026-05-07 11:08:46","","1","1"
"00_系统与索引","_索引","E:\临时项目\_索引","2026-05-25 01:35:10","","0","0"
"30_AI与知识项目","ai-content-workflow","E:\临时项目\ai-content-workflow","2026-05-07 17:48:51","README.md","7","4"
"30_AI与知识项目","AiToEarn","E:\临时项目\AiToEarn","2026-05-20 15:50:06",".git;README.md","16","11"
"30_AI与知识项目","AI人像提示词的本质_render","E:\临时项目\AI人像提示词的本质_render","2026-05-05 11:57:07","","3","3"
"30_AI与知识项目","AI人像提示词的本质_素材","E:\临时项目\AI人像提示词的本质_素材","2026-05-05 11:54:36","","2","2"
"30_AI与知识项目","AI专家代理库","E:\临时项目\AI专家代理库","2026-05-20 01:18:58",".git;README.md","28","8"
"50_文档与资料处理","all_md","E:\临时项目\all_md","2026-04-16 12:10:08","","12","1"
"50_文档与资料处理","all_md_merged","E:\临时项目\all_md_merged","2026-04-16 12:40:39","","11","11"
"30_AI与知识项目","awesome-gpt-image-2-API-and-Prompts","E:\临时项目\awesome-gpt-image-2-API-and-Prompts","2026-05-09 14:11:07",".git;README.md","21","14"
"60_图像与视觉产物","cards","E:\临时项目\cards","2026-05-19 01:15:22","","1","0"
"99_未分类项目","ccman","E:\临时项目\ccman","2026-05-20 13:16:15",".git;package.json;README.md","27","15"
"40_金融与回测","crypto-backtest-gmgn-lana-2026-05-24","E:\临时项目\crypto-backtest-gmgn-lana-2026-05-24","2026-05-25 00:00:44","README.md","6","3"
"20_内容平台项目","douyin-downloader","E:\临时项目\douyin-downloader","2026-05-08 11:23:37",".git;pyproject.toml;requirements.txt;README.md","83","69"
"50_文档与资料处理","ebook-list","E:\临时项目\ebook-list","2026-04-29 23:09:18","","1","1"
"50_文档与资料处理","ebook-treasure-md","E:\临时项目\ebook-treasure-md","2026-04-29 23:21:22","","23","23"
"99_未分类项目","fastisslow","E:\临时项目\fastisslow","2026-04-30 00:16:32",".git;README.md","15","13"
"50_文档与资料处理","file-to-md","E:\临时项目\file-to-md","2026-04-21 00:32:33","package.json;README.md","7","6"
"40_金融与回测","finance-module","E:\临时项目\finance-module","2026-05-06 15:55:53","README.md","3","2"
"99_未分类项目","GEOFlow-fork","E:\临时项目\GEOFlow-fork","2026-05-24 11:26:23","package.json;README.md","41","22"
"99_未分类项目","getnotes_merge_tool","E:\临时项目\getnotes_merge_tool","2026-04-16 15:08:42","","2","1"
"30_AI与知识项目","guo-yu-agent-infra-research","E:\临时项目\guo-yu-agent-infra-research","2026-05-05 15:15:39","","7","1"
"20_内容平台项目","huobao-drama","E:\临时项目\huobao-drama","2026-05-20 01:46:16","README.md","16","10"
"50_文档与资料处理","info2780_docx_render","E:\临时项目\info2780_docx_render","2026-05-01 14:28:33","","16","16"
"30_AI与知识项目","knowledge-memory","E:\临时项目\knowledge-memory","2026-05-06 12:31:57","README.md","6","6"
"50_文档与资料处理","ocr_packages","E:\临时项目\ocr_packages","2026-05-22 17:12:39","","33","1"
"10_工具与运行环境","openclaw_new","E:\临时项目\openclaw_new","2026-04-29 01:52:41",".git;README.md","17","9"
"10_工具与运行环境","openclaw_new_state","E:\临时项目\openclaw_new_state","2026-04-21 20:41:15","","8","3"
"30_AI与知识项目","prompt-optimizer","E:\临时项目\prompt-optimizer","2026-04-28 20:51:48",".git;package.json;README.md","35","21"
"30_AI与知识项目","prompt-optimizer-release","E:\临时项目\prompt-optimizer-release","2026-04-28 21:09:56","","2","1"
"10_工具与运行环境","qclaw_extracted_skills","E:\临时项目\qclaw_extracted_skills","2026-04-26 01:38:46","","10","1"
"99_未分类项目","qingshang_stage","E:\临时项目\qingshang_stage","2026-04-29 22:55:57","SKILL.md","3","1"
"30_AI与知识项目","rice_ai_upscale_20260522_161606","E:\临时项目\rice_ai_upscale_20260522_161606","2026-05-22 16:16:06","","2","0"
"50_文档与资料处理","sample_md","E:\临时项目\sample_md","2026-04-16 12:07:50","","2","1"
"10_工具与运行环境","skills","E:\临时项目\skills","2026-05-06 12:45:49","","3","0"
"60_图像与视觉产物","super-i-info-2771-images","E:\临时项目\super-i-info-2771-images","2026-05-01 11:46:03","","13","13"
"10_工具与运行环境","toolbox-artifacts","E:\临时项目\toolbox-artifacts","2026-05-18 00:17:14","","20","19"
"10_工具与运行环境","toolbox-dashboard","E:\临时项目\toolbox-dashboard","2026-05-14 22:19:29","README.md","6","6"
"10_工具与运行环境","toolbox-runs","E:\临时项目\toolbox-runs","2026-05-18 00:52:34","","11","11"
"10_工具与运行环境","tools","E:\临时项目\tools","2026-05-22 16:15:20","","9","8"
"99_未分类项目","user_data","E:\临时项目\user_data","2026-05-19 20:21:32","","0","0"
"10_工具与运行环境","venvs","E:\临时项目\venvs","2026-05-24 11:56:29","","2","0"
"99_未分类项目","VOSR","E:\临时项目\VOSR","2026-05-22 17:16:26",".git;requirements.txt;README.md","16","9"
"20_内容平台项目","wechat-article-exporter-master","E:\临时项目\wechat-article-exporter-master","2026-05-23 01:20:17","package.json;README.md","44","26"
"20_内容平台项目","xhs-exporter-mvp_20260429_152825","E:\临时项目\xhs-exporter-mvp_20260429_152825","2026-04-29 15:34:58","README.md","7","7"
"20_内容平台项目","xhs-exporter-mvp_20260429_152825_backup_before_content_20260429","E:\临时项目\xhs-exporter-mvp_20260429_152825_backup_before_content_20260429","2026-04-29 15:33:48","README.md","7","7"
"10_工具与运行环境","xhs-exporter-mvp_20260429_152825_backup_before_one_click_detail_20260429","E:\临时项目\xhs-exporter-mvp_20260429_152825_backup_before_one_click_detail_20260429","2026-04-29 16:30:21","README.md","7","7"
"20_内容平台项目","xhs-exporter-mvp_20260429_152825_backup_before_storage_fix_20260429","E:\临时项目\xhs-exporter-mvp_20260429_152825_backup_before_storage_fix_20260429","2026-04-29 15:52:22","README.md","7","7"
"30_AI与知识项目","第三大脑","E:\临时项目\第三大脑","2026-05-24 02:05:21","README.md","8","1"
"10_工具与运行环境","飞书cli","E:\临时项目\飞书cli","2026-05-24 11:56:31","","7","5"
"99_未分类项目","客服系统库","E:\临时项目\客服系统库","2026-05-14 17:53:52",".git;package.json;README.md","22","13"
"60_图像与视觉产物","批量图片水印工具包","E:\临时项目\批量图片水印工具包","2026-05-08 11:55:29","","7","3"
"20_内容平台项目","直播间背景生成器","E:\临时项目\直播间背景生成器","2026-05-12 10:35:01","README.md","14","13"
